roll_no,name,average_score
101,Aarav Sharma,84.66666666666667
102,Ananya Patel,84.0
103,Vedant Gupta,73.33333333333333
104,Ishita Mehta,87.33333333333333
105,Rohan Desai,77.33333333333333
106,Sanya Singh,90.66666666666667
107,Arjun Kumar,81.0
108,Meera Joshi,84.33333333333333
109,Krishna Reddy,82.33333333333333
110,Reyansh Iyer,85.33333333333333
Class Average,Class Average,83.03333333333333
